Workbook

Sheet How this works
B2: Client Reporting Dashboard - design notes
B3: Timothy Ting | work sample | built 2026-09-01
B5: The problem this solves
B6: A consultant was tracking expenses in one flat spreadsheet and rebuilding the monthly summary by hand each time. It took about two hours a month, and the totals disagreed with the bank more often than not.
B8: Why three tabs instead of one
B9: Data / Calc / Dashboard are separated so the person entering data and the person reading the report never touch the same cells.
B10: Data - append-only. Paste a new export at the bottom. Nothing else.
B11: Calc - every number is a formula. The budget block is the only typed input, and it is shaded so that is obvious.
B12: Dashboard - reads from Calc only. It contains no calculations of its own.
B14: The part that actually matters
B15: Calc references Data by WHOLE COLUMN (Data!$E:$E), never by a fixed range like E2:E150.
B16: That single choice is why a re-import cannot break this file. Add 10 rows or 10,000 - every rollup picks them up with no formula edits. The usual failure mode for a client spreadsheet is someone pasting fresh data past the end of a hardcoded range, and then quietly reporting the wrong number for a month.
... B30: The transaction data is synthetic - generated for this sample, not a real client's books. The structure, formulas and design decisions are exactly what I would ship.

Sheet Data
A1: Date | B1: Category | C1: Vendor | D1: Description | E1: Amount (USD)
A2: 46023 | B2: Software & Subscriptions | C2: Google Workspace | D2: Project - software | E2: 257.19
A3: 46026 | B3: Contractors | C3: J. Alvarez (design) | D3: Renewal - contractors | E3: 1136.02
A4: 46026 | B4: Travel | C4: Grab | D4: Q2 - travel | E4: 136.03
A5: 46030 | B5: Training | C5: Coursera | D5: Project - training | E5: 17.82
A6: 46031 | B6: Software & Subscriptions | C6: Slack | D6: Ad-hoc - software | E6: 191.69
A7: 46031 | B7: Office & Supplies | C7: National Bookstore | D7: Project - office | E7: 80.8
A8: 46031 | B8: Bank & Payment Fees | C8: PayPal | D8: Renewal - bank | E8: 59.04
A9: 46032 | B9: Software & Subscriptions | C9: Slack | D9: Q2 - software | E9: 195.28
A10: 46033 | B10: Software & Subscriptions | C10: Google Workspace | D10: Ad-hoc - software | E10: 113.1
A11: 46035 | B11: Travel | C11: Grab | D11: Monthly - travel | E11: 187.87
A12: 46035 | B12: Office & Supplies | C12: Lazada | D12: Q2 - office | E12: 31.48
A13: 46035 | B13: Bank & Payment Fees | C13: Wise | D13: Ad-hoc - bank | E13: 48.98
... A128: 46200 | B128: Professional Fees | C128: Legal retainer | D128: Ad-hoc - professional | E128: 175.97

Sheet Calc
A1: Calculations - do not edit by hand
A2: Every figure here is derived from Data. Nothing is typed except the budget block.
A4: ACTUAL SPEND BY CATEGORY / MONTH
A5: Category | B5: 46023 | C5: 46054 | D5: 46082 | E5: 46113 | F5: 46143 | G5: 46174 | H5: Total
A6: Software & Subscriptions | B6: =SUMIFS(Data!$E:$E,Data!$B:$B,$A6,Data!$A:$A,">="&B$5,Data!$A:$A,"<="&EOMONTH(B$5,0)) | C6: =SUMIFS(Data!$E:$E,Data!$B:$B,$A6,Data!$A:$A,">="&C$5,Data!$A:$A,"<="&EOMONTH(C$5,0)) | D6: =SUMIFS(Data!$E:$E,Data!$B:$B,$A6,Data!$A:$A,">="&D$5,Data!$A:$A,"<="&EOMONTH(D$5,0)) | E6: =SUMIFS(Data!$E:$E,Data!$B:$B,$A6,Data!$A:$A,">="&E$5,Data!$A:$A,"<="&EOMONTH(E$5,0)) | F6: =SUMIFS(Data!$E:$E,Data!$B:$B,$A6,Data!$A:$A,">="&F$5,Data!$A:$A,"<="&EOMONTH(F$5,0)) | G6: =SUMIFS(Data!$E:$E,Data!$B:$B,$A6,Data!$A:$A,">="&G$5,Data!$A:$A,"<="&EOMONTH(G$5,0)) | H6: =SUM(B6:G6)
A7: Contractors | B7: =SUMIFS(Data!$E:$E,Data!$B:$B,$A7,Data!$A:$A,">="&B$5,Data!$A:$A,"<="&EOMONTH(B$5,0)) | C7: =SUMIFS(Data!$E:$E,Data!$B:$B,$A7,Data!$A:$A,">="&C$5,Data!$A:$A,"<="&EOMONTH(C$5,0)) | D7: =SUMIFS(Data!$E:$E,Data!$B:$B,$A7,Data!$A:$A,">="&D$5,Data!$A:$A,"<="&EOMONTH(D$5,0)) | E7: =SUMIFS(Data!$E:$E,Data!$B:$B,$A7,Data!$A:$A,">="&E$5,Data!$A:$A,"<="&EOMONTH(E$5,0)) | F7: =SUMIFS(Data!$E:$E,Data!$B:$B,$A7,Data!$A:$A,">="&F$5,Data!$A:$A,"<="&EOMONTH(F$5,0)) | G7: =SUMIFS(Data!$E:$E,Data!$B:$B,$A7,Data!$A:$A,">="&G$5,Data!$A:$A,"<="&EOMONTH(G$5,0)) | H7: =SUM(B7:G7)
A8: Marketing | B8: =SUMIFS(Data!$E:$E,Data!$B:$B,$A8,Data!$A:$A,">="&B$5,Data!$A:$A,"<="&EOMONTH(B$5,0)) | C8: =SUMIFS(Data!$E:$E,Data!$B:$B,$A8,Data!$A:$A,">="&C$5,Data!$A:$A,"<="&EOMONTH(C$5,0)) | D8: =SUMIFS(Data!$E:$E,Data!$B:$B,$A8,Data!$A:$A,">="&D$5,Data!$A:$A,"<="&EOMONTH(D$5,0)) | E8: =SUMIFS(Data!$E:$E,Data!$B:$B,$A8,Data!$A:$A,">="&E$5,Data!$A:$A,"<="&EOMONTH(E$5,0)) | F8: =SUMIFS(Data!$E:$E,Data!$B:$B,$A8,Data!$A:$A,">="&F$5,Data!$A:$A,"<="&EOMONTH(F$5,0)) | G8: =SUMIFS(Data!$E:$E,Data!$B:$B,$A8,Data!$A:$A,">="&G$5,Data!$A:$A,"<="&EOMONTH(G$5,0)) | H8: =SUM(B8:G8)
A9: Travel | B9: =SUMIFS(Data!$E:$E,Data!$B:$B,$A9,Data!$A:$A,">="&B$5,Data!$A:$A,"<="&EOMONTH(B$5,0)) | C9: =SUMIFS(Data!$E:$E,Data!$B:$B,$A9,Data!$A:$A,">="&C$5,Data!$A:$A,"<="&EOMONTH(C$5,0)) | D9: =SUMIFS(Data!$E:$E,Data!$B:$B,$A9,Data!$A:$A,">="&D$5,Data!$A:$A,"<="&EOMONTH(D$5,0)) | E9: =SUMIFS(Data!$E:$E,Data!$B:$B,$A9,Data!$A:$A,">="&E$5,Data!$A:$A,"<="&EOMONTH(E$5,0)) | F9: =SUMIFS(Data!$E:$E,Data!$B:$B,$A9,Data!$A:$A,">="&F$5,Data!$A:$A,"<="&EOMONTH(F$5,0)) | G9: =SUMIFS(Data!$E:$E,Data!$B:$B,$A9,Data!$A:$A,">="&G$5,Data!$A:$A,"<="&EOMONTH(G$5,0)) | H9: =SUM(B9:G9)
A10: Office & Supplies | B10: =SUMIFS(Data!$E:$E,Data!$B:$B,$A10,Data!$A:$A,">="&B$5,Data!$A:$A,"<="&EOMONTH(B$5,0)) | C10: =SUMIFS(Data!$E:$E,Data!$B:$B,$A10,Data!$A:$A,">="&C$5,Data!$A:$A,"<="&EOMONTH(C$5,0)) | D10: =SUMIFS(Data!$E:$E,Data!$B:$B,$A10,Data!$A:$A,">="&D$5,Data!$A:$A,"<="&EOMONTH(D$5,0)) | E10: =SUMIFS(Data!$E:$E,Data!$B:$B,$A10,Data!$A:$A,">="&E$5,Data!$A:$A,"<="&EOMONTH(E$5,0)) | F10: =SUMIFS(Data!$E:$E,Data!$B:$B,$A10,Data!$A:$A,">="&F$5,Data!$A:$A,"<="&EOMONTH(F$5,0)) | G10: =SUMIFS(Data!$E:$E,Data!$B:$B,$A10,Data!$A:$A,">="&G$5,Data!$A:$A,"<="&EOMONTH(G$5,0)) | H10: =SUM(B10:G10)
A11: Professional Fees | B11: =SUMIFS(Data!$E:$E,Data!$B:$B,$A11,Data!$A:$A,">="&B$5,Data!$A:$A,"<="&EOMONTH(B$5,0)) | C11: =SUMIFS(Data!$E:$E,Data!$B:$B,$A11,Data!$A:$A,">="&C$5,Data!$A:$A,"<="&EOMONTH(C$5,0)) | D11: =SUMIFS(Data!$E:$E,Data!$B:$B,$A11,Data!$A:$A,">="&D$5,Data!$A:$A,"<="&EOMONTH(D$5,0)) | E11: =SUMIFS(Data!$E:$E,Data!$B:$B,$A11,Data!$A:$A,">="&E$5,Data!$A:$A,"<="&EOMONTH(E$5,0)) | F11: =SUMIFS(Data!$E:$E,Data!$B:$B,$A11,Data!$A:$A,">="&F$5,Data!$A:$A,"<="&EOMONTH(F$5,0)) | G11: =SUMIFS(Data!$E:$E,Data!$B:$B,$A11,Data!$A:$A,">="&G$5,Data!$A:$A,"<="&EOMONTH(G$5,0)) | H11: =SUM(B11:G11)
A12: Bank & Payment Fees | B12: =SUMIFS(Data!$E:$E,Data!$B:$B,$A12,Data!$A:$A,">="&B$5,Data!$A:$A,"<="&EOMONTH(B$5,0)) | C12: =SUMIFS(Data!$E:$E,Data!$B:$B,$A12,Data!$A:$A,">="&C$5,Data!$A:$A,"<="&EOMONTH(C$5,0)) | D12: =SUMIFS(Data!$E:$E,Data!$B:$B,$A12,Data!$A:$A,">="&D$5,Data!$A:$A,"<="&EOMONTH(D$5,0)) | E12: =SUMIFS(Data!$E:$E,Data!$B:$B,$A12,Data!$A:$A,">="&E$5,Data!$A:$A,"<="&EOMONTH(E$5,0)) | F12: =SUMIFS(Data!$E:$E,Data!$B:$B,$A12,Data!$A:$A,">="&F$5,Data!$A:$A,"<="&EOMONTH(F$5,0)) | G12: =SUMIFS(Data!$E:$E,Data!$B:$B,$A12,Data!$A:$A,">="&G$5,Data!$A:$A,"<="&EOMONTH(G$5,0)) | H12: =SUM(B12:G12)
A13: Training | B13: =SUMIFS(Data!$E:$E,Data!$B:$B,$A13,Data!$A:$A,">="&B$5,Data!$A:$A,"<="&EOMONTH(B$5,0)) | C13: =SUMIFS(Data!$E:$E,Data!$B:$B,$A13,Data!$A:$A,">="&C$5,Data!$A:$A,"<="&EOMONTH(C$5,0)) | D13: =SUMIFS(Data!$E:$E,Data!$B:$B,$A13,Data!$A:$A,">="&D$5,Data!$A:$A,"<="&EOMONTH(D$5,0)) | E13: =SUMIFS(Data!$E:$E,Data!$B:$B,$A13,Data!$A:$A,">="&E$5,Data!$A:$A,"<="&EOMONTH(E$5,0)) | F13: =SUMIFS(Data!$E:$E,Data!$B:$B,$A13,Data!$A:$A,">="&F$5,Data!$A:$A,"<="&EOMONTH(F$5,0)) | G13: =SUMIFS(Data!$E:$E,Data!$B:$B,$A13,Data!$A:$A,">="&G$5,Data!$A:$A,"<="&EOMONTH(G$5,0)) | H13: =SUM(B13:G13)
A14: TOTAL | B14: =SUM(B6:B13) | C14: =SUM(C6:C13) | D14: =SUM(D6:D13) | E14: =SUM(E6:E13) | F14: =SUM(F6:F13) | G14: =SUM(G6:G13) | H14: =SUM(H6:H13)
A16: MONTHLY BUDGET (the only typed numbers in this workbook)
A17: Category | B17: Budget / month | C17: Budget YTD (6 mo)
A18: Software & Subscriptions | B18: 420 | C18: =B18*6
A19: Contractors | B19: 2200 | C19: =B19*6
A20: Marketing | B20: 800 | C20: =B20*6
A21: Travel | B21: 450 | C21: =B21*6
A22: Office & Supplies | B22: 180 | C22: =B22*6
A23: Professional Fees | B23: 350 | C23: =B23*6
A24: Bank & Payment Fees | B24: 120 | C24: =B24*6
A25: Training | B25: 200 | C25: =B25*6
A27: BUDGET vs ACTUAL - YTD
A28: Category | B28: Budget YTD | C28: Actual YTD | D28: Variance | E28: Variance % | F28: Status
A29: Software & Subscriptions | B29: =C18 | C29: =H6 | D29: =C29-B29 | E29: =IFERROR(D29/B29,0) | F29: =IF(D29>0,"OVER","Within budget")
A30: Contractors | B30: =C19 | C30: =H7 | D30: =C30-B30 | E30: =IFERROR(D30/B30,0) | F30: =IF(D30>0,"OVER","Within budget")
A31: Marketing | B31: =C20 | C31: =H8 | D31: =C31-B31 | E31: =IFERROR(D31/B31,0) | F31: =IF(D31>0,"OVER","Within budget")
A32: Travel | B32: =C21 | C32: =H9 | D32: =C32-B32 | E32: =IFERROR(D32/B32,0) | F32: =IF(D32>0,"OVER","Within budget")
A33: Office & Supplies | B33: =C22 | C33: =H10 | D33: =C33-B33 | E33: =IFERROR(D33/B33,0) | F33: =IF(D33>0,"OVER","Within budget")
A34: Professional Fees | B34: =C23 | C34: =H11 | D34: =C34-B34 | E34: =IFERROR(D34/B34,0) | F34: =IF(D34>0,"OVER","Within budget")
A35: Bank & Payment Fees | B35: =C24 | C35: =H12 | D35: =C35-B35 | E35: =IFERROR(D35/B35,0) | F35: =IF(D35>0,"OVER","Within budget")
A36: Training | B36: =C25 | C36: =H13 | D36: =C36-B36 | E36: =IFERROR(D36/B36,0) | F36: =IF(D36>0,"OVER","Within budget")

Sheet Dashboard
B2: Client Expense Report - H1 2026
B3: Solo consulting practice | January-June 2026 | all figures USD
B5: TOTAL SPEND YTD | D5: TOTAL BUDGET YTD | F5: VARIANCE | H5: CATEGORIES OVER
B6: =Calc!H14 | D6: =SUM(Calc!C18:C25) | F6: =B6-D6 | H6: =COUNTIF(Calc!F29:F36,"OVER")
B9: Budget vs actual by category (YTD)
B10: Category | C10: Budget | D10: Actual | E10: Variance | F10: Status
B11: =Calc!A29 | C11: =Calc!B29 | D11: =Calc!C29 | E11: =Calc!D29 | F11: =Calc!F29
B12: =Calc!A30 | C12: =Calc!B30 | D12: =Calc!C30 | E12: =Calc!D30 | F12: =Calc!F30
B13: =Calc!A31 | C13: =Calc!B31 | D13: =Calc!C31 | E13: =Calc!D31 | F13: =Calc!F31
B14: =Calc!A32 | C14: =Calc!B32 | D14: =Calc!C32 | E14: =Calc!D32 | F14: =Calc!F32
B15: =Calc!A33 | C15: =Calc!B33 | D15: =Calc!C33 | E15: =Calc!D33 | F15: =Calc!F33
B16: =Calc!A34 | C16: =Calc!B34 | D16: =Calc!C34 | E16: =Calc!D34 | F16: =Calc!F34
B17: =Calc!A35 | C17: =Calc!B35 | D17: =Calc!C35 | E17: =Calc!D35 | F17: =Calc!F35
B18: =Calc!A36 | C18: =Calc!B36 | D18: =Calc!C36 | E18: =Calc!D36 | F18: =Calc!F36
